{"schemaVersion":"1.0","appDefinitionTemplate":{"id":"/providers/Microsoft.PowerApps/apps/","type":"Microsoft.PowerApps/apps","tags":{"minimumRequiredApiVersion":"2.2.0"},"properties":{"appVersion":"2020-02-12T01:21:28Z","lifeCycleId":"Published","createdByClientVersion":{"major":3,"minor":20014,"build":23,"revision":0,"majorRevision":0,"minorRevision":0},"minClientVersion":{"major":3,"minor":20014,"build":23,"revision":0,"majorRevision":0,"minorRevision":0},"backgroundColor":"rgba(129, 42, 141, 1)","backgroundImageUri":"/1177534782705441487/Nb510ed81-5b6a-482e-aeeb-d1cb702bd7e6-logoSmallFile","displayName":"Tweet記事検索アプリ","description":"","commitMessage":"","appUris":{"documentUri":{"value":"/1177534782705441487/N64c603cf-67e8-4c0f-851b-49deaabbacee-document.msapp","readonlyValue":"/1177534782705441487/N64c603cf-67e8-4c0f-851b-49deaabbacee-document.msapp"},"imageUris":[]},"createdTime":"0001-01-01T00:00:00Z","lastModifiedTime":"0001-01-01T00:00:00Z","sharedGroupsCount":0,"sharedUsersCount":0,"icons":{"smallIconUri":"/1177534782705441487/Nfc3918eb-7ad7-48e9-ba07-d7086dd394f5-small.png","mediumIconUri":"/1177534782705441487/N58396587-a160-4e99-95be-014dc065a9bd-medium.png","largeIconUri":"/1177534782705441487/N8e40da5b-3dde-4082-9a32-4ff92d35abce-large.png","wideIconUri":"/1177534782705441487/N16dff70d-6dd2-4102-b638-14762b06cee1-wide.png"},"connectionReferences":{"1bf8cd6c-47d2-4f41-97a4-7e78de1b4cb9":{"id":"71a10a73-098a-40cb-8bef-d1f9bb61a199","displayName":"Twitter","iconUri":"https://connectoricons-prod.azureedge.net/twitter/icon_1.0.1304.1878.png","dataSources":["Twitter"],"dependencies":[],"dependents":[],"parameterHints":{},"isOnPremiseConnection":false,"dataSets":{},"apiTier":"Standard","isCustomApiConnection":false}},"databaseReferences":{},"almMode":"Environment","performanceOptimizationEnabled":false,"canConsumeAppPass":true},"isAppComponentLibrary":false,"appComponents":[]}}