{"schemaVersion":"1.0","appDefinitionTemplate":{"id":"/providers/Microsoft.PowerApps/apps/","type":"Microsoft.PowerApps/apps","tags":{"primaryDeviceWidth":"640","primaryDeviceHeight":"1136","sienaVersion":"20200419T142840Z-3.20023.8.0","deviceCapabilities":"","supportsPortrait":"true","supportsLandscape":"false","primaryFormFactor":"Phone","publisherVersion":"3.20023.8","minimumRequiredApiVersion":"2.2.0","hasComponent":"false","hasUnlockedComponent":"false"},"properties":{"appVersion":"2020-04-19T14:28:40Z","lifeCycleId":"Published","createdByClientVersion":{"major":3,"minor":20023,"build":8,"revision":0,"majorRevision":0,"minorRevision":0},"minClientVersion":{"major":3,"minor":20023,"build":8,"revision":0,"majorRevision":0,"minorRevision":0},"backgroundColor":"rgba(81, 92, 107, 1)","backgroundImageUri":"/11483353776714130891/Nb0fc827c-fd0d-4fb4-b6b5-e20324b78c76-logoSmallFile","displayName":"コンパスアプリ","description":"","commitMessage":"","appUris":{"documentUri":{"value":"/11483353776714130891/N28afbb8a-4a32-4106-b43e-4ea21577e391-document.msapp","readonlyValue":"/11483353776714130891/N28afbb8a-4a32-4106-b43e-4ea21577e391-document.msapp"},"imageUris":[]},"createdTime":"0001-01-01T00:00:00Z","lastModifiedTime":"0001-01-01T00:00:00Z","sharedGroupsCount":0,"sharedUsersCount":0,"icons":{"smallIconUri":"/11483353776714130891/N29ce7301-a5a9-4ac3-9fcb-e751742e75fa-small.png","mediumIconUri":"/11483353776714130891/N9bd27c64-6ced-4117-ab64-107b78b88e01-medium.png","largeIconUri":"/11483353776714130891/N8d7f161c-e03e-48f8-b7f5-88d99e98b000-large.png","wideIconUri":"/11483353776714130891/Ndb584069-2183-47f8-b2bb-f4fe2c48355a-wide.png"},"connectionReferences":{},"databaseReferences":{},"almMode":"Environment","performanceOptimizationEnabled":false,"canConsumeAppPass":true},"isAppComponentLibrary":false,"appType":"ClassicCanvasApp","appComponents":[]}}