{"schemaVersion":"1.0","appDefinitionTemplate":{"id":"/providers/Microsoft.PowerApps/apps/","type":"Microsoft.PowerApps/apps","tags":{"primaryDeviceWidth":"640","primaryDeviceHeight":"1136","sienaVersion":"20200623T183506Z-3.20062.22.0","deviceCapabilities":"","supportsPortrait":"true","supportsLandscape":"false","primaryFormFactor":"Phone","publisherVersion":"3.20062.22","minimumRequiredApiVersion":"2.2.0","hasComponent":"false","hasUnlockedComponent":"false","isUnifiedRootApp":"false"},"properties":{"appVersion":"2020-06-23T18:35:06Z","lifeCycleId":"Published","createdByClientVersion":{"major":3,"minor":20062,"build":22,"revision":0,"majorRevision":0,"minorRevision":0},"minClientVersion":{"major":3,"minor":20062,"build":22,"revision":0,"majorRevision":0,"minorRevision":0},"backgroundColor":"rgba(72, 104, 96, 1)","backgroundImageUri":"/4826327158752096534/N9bd75723-7ded-472b-9928-c813043b6571-logoSmallFile","displayName":"店舗混雑（お客様用）アプリ","description":"","commitMessage":"","appUris":{"documentUri":{"value":"/4826327158752096534/Ndd767606-a29f-4d43-8a47-45873c4cc19f-document.msapp","readonlyValue":"/4826327158752096534/Ndd767606-a29f-4d43-8a47-45873c4cc19f-document.msapp"},"imageUris":[]},"createdTime":"0001-01-01T00:00:00Z","lastModifiedTime":"0001-01-01T00:00:00Z","sharedGroupsCount":0,"sharedUsersCount":0,"icons":{"smallIconUri":"/4826327158752096534/N81b62b41-f8dd-428f-9898-68c79b68879b-small.png","mediumIconUri":"/4826327158752096534/N1728c822-9d46-4aaf-8934-a5e5bf5da821-medium.png","largeIconUri":"/4826327158752096534/N9c15467b-6d70-45ae-80e6-086d5eba8d40-large.png","wideIconUri":"/4826327158752096534/Ne02c2fa6-0840-4730-81a4-0f1bd206fd3e-wide.png"},"connectionReferences":{"d816a63a-73e5-4734-8c12-01c77968d1d0":{"id":"69631f99-7cf2-44d6-8067-5b6dbda8e4ac","displayName":"SharePoint","iconUri":"https://connectoricons-prod.azureedge.net/sharepointonline/icon_1.0.1355.2023.png","dataSources":["混雑状況リスト"],"dependencies":[],"dependents":[],"parameterHints":{},"isOnPremiseConnection":false,"dataSets":{"https://abrain.sharepoint.com/sites/parsonal":{"dataSources":{"混雑状況リスト":{"tableName":"221fb8d0-9efb-448a-9664-f220d8f1dc5a"}}}},"apiTier":"Standard","isCustomApiConnection":false},"45b0ad36-bbce-4ca5-aa94-8bc2bf462225":{"id":"259153c4-fe51-4c29-b598-88af21f78104","displayName":"Bing Maps","iconUri":"https://connectoricons-prod.azureedge.net/bingmaps/icon_1.0.1329.1953.png","dataSources":["BingMaps"],"dependencies":[],"dependents":[],"parameterHints":{},"isOnPremiseConnection":false,"sharedConnectionId":"c02120f3-0abe-4915-8cca-00f0492e3210","dataSets":{},"apiTier":"Standard","isCustomApiConnection":false}},"databaseReferences":{},"almMode":"Environment","performanceOptimizationEnabled":true,"canConsumeAppPass":true},"isAppComponentLibrary":false,"appType":"ClassicCanvasApp","appComponents":[]}}