{"schemaVersion":"1.0","appDefinitionTemplate":{"id":"/providers/Microsoft.PowerApps/apps/","type":"Microsoft.PowerApps/apps","tags":{"primaryDeviceWidth":"640","primaryDeviceHeight":"1136","sienaVersion":"f709aa81-9060-43bc-a94f-615c6973ad45","deviceCapabilities":"","supportsPortrait":"true","supportsLandscape":"false","primaryFormFactor":"Phone","publisherVersion":"3.20062.22","minimumRequiredApiVersion":"2.2.0","hasComponent":"false","hasUnlockedComponent":"false","isUnifiedRootApp":"false"},"properties":{"appVersion":"2020-06-23T18:36:00Z","lifeCycleId":"Published","createdByClientVersion":{"major":3,"minor":20062,"build":22,"revision":0,"majorRevision":0,"minorRevision":0},"minClientVersion":{"major":3,"minor":20062,"build":22,"revision":0,"majorRevision":0,"minorRevision":0},"backgroundColor":"rgba(105, 180, 69, 1)","backgroundImageUri":"/5890756760849984702/N9f6324ed-75c9-467e-9223-f1da2bfefec5-logoSmallFile","displayName":"店舗混雑（店舗用）アプリ","description":"","commitMessage":"","appUris":{"documentUri":{"value":"/5890756760849984702/Nd7906076-8aa1-4113-98c4-8c77b9fa4308-document.msapp","readonlyValue":"/5890756760849984702/Nd7906076-8aa1-4113-98c4-8c77b9fa4308-document.msapp"},"imageUris":[]},"createdTime":"0001-01-01T00:00:00Z","lastModifiedTime":"0001-01-01T00:00:00Z","sharedGroupsCount":0,"sharedUsersCount":0,"icons":{"smallIconUri":"/5890756760849984702/Nf8d3a81c-8d37-4c75-a9f1-9522b710dc4d-small.png","mediumIconUri":"/5890756760849984702/N7d9c5ec2-76f2-4db0-b0a4-3655bdf4f9d5-medium.png","largeIconUri":"/5890756760849984702/N2d70b70b-3733-443c-943e-c2bf17f4c308-large.png","wideIconUri":"/5890756760849984702/N467c335a-7b96-4d64-8dde-5771e009b000-wide.png"},"connectionReferences":{"68f9159c-2aa6-48cd-9590-7a1b0c84d02a":{"id":"69631f99-7cf2-44d6-8067-5b6dbda8e4ac","displayName":"SharePoint","iconUri":"https://connectoricons-prod.azureedge.net/sharepointonline/icon_1.0.1355.2023.png","dataSources":["混雑状況リスト"],"dependencies":[],"dependents":[],"parameterHints":{},"isOnPremiseConnection":false,"dataSets":{"https://abrain.sharepoint.com/sites/parsonal":{"dataSources":{"混雑状況リスト":{"tableName":"221fb8d0-9efb-448a-9664-f220d8f1dc5a"}}}},"apiTier":"Standard","isCustomApiConnection":false}},"databaseReferences":{},"almMode":"Environment","performanceOptimizationEnabled":true,"canConsumeAppPass":true},"isAppComponentLibrary":false,"appType":"ClassicCanvasApp","appComponents":[]}}