{"schemaVersion":"1.0","appDefinitionTemplate":{"id":"/providers/Microsoft.PowerApps/apps/","type":"Microsoft.PowerApps/apps","tags":{"minimumRequiredApiVersion":"2.2.0"},"properties":{"appVersion":"2020-02-16T07:05:44Z","lifeCycleId":"Published","createdByClientVersion":{"major":3,"minor":20021,"build":27,"revision":0,"majorRevision":0,"minorRevision":0},"minClientVersion":{"major":3,"minor":20021,"build":27,"revision":0,"majorRevision":0,"minorRevision":0},"backgroundColor":"rgba(72, 104, 96, 1)","backgroundImageUri":"/9956303865462026295/Nb4e735ab-8ae4-4aba-ba0b-d421e8a484a8-logoSmallFile","displayName":"前頭葉機能テストアプリ","description":"","commitMessage":"","appUris":{"documentUri":{"value":"/9956303865462026295/N785c02a9-999b-4e39-b7e1-b94604460de4-document.msapp","readonlyValue":"/9956303865462026295/N785c02a9-999b-4e39-b7e1-b94604460de4-document.msapp"},"imageUris":[]},"createdTime":"0001-01-01T00:00:00Z","lastModifiedTime":"0001-01-01T00:00:00Z","sharedGroupsCount":0,"sharedUsersCount":0,"icons":{"smallIconUri":"/9956303865462026295/Ne2fbc5c4-31a6-4311-9f5c-4afa6319e46a-small.png","mediumIconUri":"/9956303865462026295/Nd1fd55cf-e3cc-4fa6-8f35-1bd0768e9693-medium.png","largeIconUri":"/9956303865462026295/N390a51af-2773-499b-9527-86a8f5e3795c-large.png","wideIconUri":"/9956303865462026295/Nb00d1b38-441c-4e67-a50b-db97e74d9bc2-wide.png"},"connectionReferences":{},"databaseReferences":{},"almMode":"Environment","performanceOptimizationEnabled":false,"canConsumeAppPass":true},"isAppComponentLibrary":false,"appComponents":[]}}