{"schemaVersion":"1.0","appDefinitionTemplate":{"id":"/providers/Microsoft.PowerApps/apps/","type":"Microsoft.PowerApps/apps","tags":{"minimumRequiredApiVersion":"2.2.0"},"properties":{"appVersion":"2020-01-31T16:45:18Z","lifeCycleId":"Published","createdByClientVersion":{"major":3,"minor":20013,"build":29,"revision":0,"majorRevision":0,"minorRevision":0},"minClientVersion":{"major":3,"minor":20013,"build":29,"revision":0,"majorRevision":0,"minorRevision":0},"backgroundColor":"rgba(1, 60, 96, 1)","backgroundImageUri":"/17140377336038255889/Nebafeede-c9bc-47cb-9d82-fdd8a6311e0a-logoSmallFile","displayName":"脳トレ(じゃんけん編)","description":"","commitMessage":"","appUris":{"documentUri":{"value":"/17140377336038255889/Ndda2bc4b-5494-4ea7-82ba-d311ff30f301-document.msapp","readonlyValue":"/17140377336038255889/Ndda2bc4b-5494-4ea7-82ba-d311ff30f301-document.msapp"},"imageUris":[]},"createdTime":"0001-01-01T00:00:00Z","lastModifiedTime":"0001-01-01T00:00:00Z","sharedGroupsCount":0,"sharedUsersCount":0,"icons":{"smallIconUri":"/17140377336038255889/Nfb49ecec-c2a3-4169-83c2-0ddd34bfe5c3-small.png","mediumIconUri":"/17140377336038255889/Nc5bb2d84-f6be-4d98-80c7-7e8646bf4a6b-medium.png","largeIconUri":"/17140377336038255889/N4576869d-4ff1-45f6-95a9-31d309a92a91-large.png","wideIconUri":"/17140377336038255889/N8ea5a76e-cacb-4e3a-84b8-da43069b002c-wide.png"},"connectionReferences":{},"databaseReferences":{},"almMode":"Environment","performanceOptimizationEnabled":false,"canConsumeAppPass":true},"isAppComponentLibrary":false,"appComponents":[]}}