{"schemaVersion":"1.0","appDefinitionTemplate":{"id":"/providers/Microsoft.PowerApps/apps/","type":"Microsoft.PowerApps/apps","tags":{"minimumRequiredApiVersion":"2.2.0"},"properties":{"appVersion":"2020-02-05T01:05:42Z","lifeCycleId":"Published","createdByClientVersion":{"major":3,"minor":20013,"build":29,"revision":0,"majorRevision":0,"minorRevision":0},"minClientVersion":{"major":3,"minor":20013,"build":29,"revision":0,"majorRevision":0,"minorRevision":0},"backgroundColor":"rgba(0, 176, 240, 1)","backgroundImageUri":"/13870001548319531189/Nbe724598-f020-4f13-b03b-d28adfaf9065-logoSmallFile","displayName":"入出管理アプリ","description":"","commitMessage":"","appUris":{"documentUri":{"value":"/13870001548319531189/N8fe3cb8f-cbe3-448b-968f-a5881fb98d51-document.msapp","readonlyValue":"/13870001548319531189/N8fe3cb8f-cbe3-448b-968f-a5881fb98d51-document.msapp"},"imageUris":[]},"createdTime":"0001-01-01T00:00:00Z","lastModifiedTime":"0001-01-01T00:00:00Z","sharedGroupsCount":0,"sharedUsersCount":0,"icons":{"smallIconUri":"/13870001548319531189/Nf3136d48-6150-4e40-8c0e-b75ebe325194-small.png","mediumIconUri":"/13870001548319531189/N2eb30148-6543-42d2-9b1f-a925e6076074-medium.png","largeIconUri":"/13870001548319531189/Nd20e84c9-1b72-47eb-beec-c2e0f61ac81a-large.png","wideIconUri":"/13870001548319531189/N60bcf652-fefb-4132-bdef-8cdbf59c5c60-wide.png"},"connectionReferences":{"8d9da006-cd8f-4d0d-81b0-e883f6fb77b2":{"id":"04fda3a0-36bf-440c-b8e1-0b4909b9aef9","displayName":"Excel","iconUri":"https://connectoricons-prod.azureedge.net/excel/icon_1.0.1278.1753.png","dataSources":["StudentMst"],"dependencies":["47a6ea0a-46b2-4c79-a9ec-f10023f96eaa"],"dependents":[],"parameterHints":{"47a6ea0a-46b2-4c79-a9ec-f10023f96eaa":{"value":"fileSource"}},"isOnPremiseConnection":false,"bypassConsent":false,"dataSets":{"b!T-PuEw_ZL0CF4CSyyLQnTK8r_l-dMI5NhNOuBZwfx8FD9InPy-6TS7zKpK4MGQqb.01SQWBLTKNGNEEQX2WERHJ2RKUSQYKOKO4":{"dataSources":{"StudentMst":{"tableName":"StudentMst"}}}},"apiTier":"Standard","isCustomApiConnection":false},"47a6ea0a-46b2-4c79-a9ec-f10023f96eaa":{"id":"5690c605-6798-4e6e-9871-1caff98b5201","displayName":"OneDrive for Business","iconUri":"https://connectoricons-prod.azureedge.net/onedriveforbusiness/icon_1.0.1284.1763.png","dataSources":[],"dependencies":[],"dependents":["8d9da006-cd8f-4d0d-81b0-e883f6fb77b2"],"parameterHints":{},"isOnPremiseConnection":false,"bypassConsent":false,"dataSets":{},"apiTier":"Standard","isCustomApiConnection":false},"84765f25-c45f-4d33-bb9e-6f216a7084ba":{"id":"d593f708-263e-499a-aa40-eb5c451a016e","displayName":"Office 365 Outlook","iconUri":"https://connectoricons-prod.azureedge.net/office365/icon_1.0.1304.1878.png","dataSources":["Office365"],"dependencies":[],"dependents":[],"parameterHints":{},"isOnPremiseConnection":false,"bypassConsent":false,"dataSets":{},"apiTier":"Standard","isCustomApiConnection":false}},"databaseReferences":{},"almMode":"Environment","performanceOptimizationEnabled":false},"isAppComponentLibrary":false,"appComponents":[]}}