{"schemaVersion":"1.0","appDefinitionTemplate":{"id":"/providers/Microsoft.PowerApps/apps/","type":"Microsoft.PowerApps/apps","tags":{"minimumRequiredApiVersion":"2.2.0"},"properties":{"appVersion":"2020-02-06T09:32:34Z","lifeCycleId":"Published","createdByClientVersion":{"major":3,"minor":20014,"build":17,"revision":0,"majorRevision":0,"minorRevision":0},"minClientVersion":{"major":3,"minor":20014,"build":17,"revision":0,"majorRevision":0,"minorRevision":0},"backgroundColor":"rgba(165, 34, 55, 1)","backgroundImageUri":"/13150479982005985654/N259eb0be-e4e4-4938-9ec8-f72a07497fb3-logoSmallFile","displayName":"デジタルサイネージアプリ","description":"","commitMessage":"","appUris":{"documentUri":{"value":"/13150479982005985654/Naab95407-ef5b-4401-9506-0f95e9c0d0fe-document.msapp","readonlyValue":"/13150479982005985654/Naab95407-ef5b-4401-9506-0f95e9c0d0fe-document.msapp"},"imageUris":[]},"createdTime":"0001-01-01T00:00:00Z","lastModifiedTime":"0001-01-01T00:00:00Z","sharedGroupsCount":0,"sharedUsersCount":0,"icons":{"smallIconUri":"/13150479982005985654/Nda3fd8a8-ccbf-4a0b-93d9-95b2aa2323ed-small.png","mediumIconUri":"/13150479982005985654/N42e8ace7-da85-4962-8dfe-cf5c238f5e63-medium.png","largeIconUri":"/13150479982005985654/N5519c18a-1b90-4a84-aba6-384f13fb8370-large.png","wideIconUri":"/13150479982005985654/Nef04b01a-5f5e-491d-a250-7d8dacb9d042-wide.png"},"connectionReferences":{"18d2bd20-4d61-4bf3-800c-22499df51d9c":{"id":"8dd3d1b3-8425-4bad-92cd-ccde9ab3628f","displayName":"Excel","iconUri":"https://connectoricons-prod.azureedge.net/excel/icon_1.0.1278.1753.png","dataSources":["テーブル1"],"dependencies":["c31e88a1-828e-4393-817a-8b6f8b7ceab1"],"dependents":[],"parameterHints":{"c31e88a1-828e-4393-817a-8b6f8b7ceab1":{"value":"fileSource"}},"isOnPremiseConnection":false,"dataSets":{"b!T-PuEw_ZL0CF4CSyyLQnTK8r_l-dMI5NhNOuBZwfx8FD9InPy-6TS7zKpK4MGQqb.01SQWBLTJ2XZG5CL4VYRFK2MTJ5YV2FTA2":{"dataSources":{"テーブル1":{"tableName":"テーブル1"}}}},"apiTier":"Standard","isCustomApiConnection":false},"c31e88a1-828e-4393-817a-8b6f8b7ceab1":{"id":"07767d60-e6d0-4d0b-9514-890aa90fdca9","displayName":"OneDrive for Business","iconUri":"https://connectoricons-prod.azureedge.net/onedriveforbusiness/icon_1.0.1284.1763.png","dataSources":[],"dependencies":[],"dependents":["18d2bd20-4d61-4bf3-800c-22499df51d9c"],"parameterHints":{},"isOnPremiseConnection":false,"dataSets":{},"apiTier":"Standard","isCustomApiConnection":false}},"databaseReferences":{},"almMode":"Environment","performanceOptimizationEnabled":false,"canConsumeAppPass":true},"isAppComponentLibrary":false,"appComponents":[]}}