{"schemaVersion":"1.0","appDefinitionTemplate":{"id":"/providers/Microsoft.PowerApps/apps/","type":"Microsoft.PowerApps/apps","tags":{"primaryDeviceWidth":"640","primaryDeviceHeight":"1136","sienaVersion":"20200430T034247Z-3.20023.8.0","deviceCapabilities":"","supportsPortrait":"true","supportsLandscape":"false","primaryFormFactor":"Phone","publisherVersion":"3.20023.8","minimumRequiredApiVersion":"2.2.0","hasComponent":"true","hasUnlockedComponent":"true"},"properties":{"appVersion":"2020-04-30T03:42:47Z","lifeCycleId":"Published","createdByClientVersion":{"major":3,"minor":20023,"build":8,"revision":0,"majorRevision":0,"minorRevision":0},"minClientVersion":{"major":3,"minor":20023,"build":8,"revision":0,"majorRevision":0,"minorRevision":0},"backgroundColor":"rgba(0, 176, 240, 1)","backgroundImageUri":"/3825471745662271143/Nda719ced-2e03-4e17-8980-ed007c06f313-logoSmallFile","displayName":"ダイアログコンポーネント化","description":"","commitMessage":"","appUris":{"documentUri":{"value":"/3825471745662271143/Ncf1b0f09-0629-4241-817a-86e6e362db62-document.msapp","readonlyValue":"/3825471745662271143/Ncf1b0f09-0629-4241-817a-86e6e362db62-document.msapp"},"imageUris":[]},"createdTime":"0001-01-01T00:00:00Z","lastModifiedTime":"0001-01-01T00:00:00Z","sharedGroupsCount":0,"sharedUsersCount":0,"icons":{"smallIconUri":"/3825471745662271143/Nfd1cad69-7844-41cb-9540-30c892fe80a8-small.png","mediumIconUri":"/3825471745662271143/N5f4d37f3-ab55-4da7-adca-64ab650bc95a-medium.png","largeIconUri":"/3825471745662271143/N7349ffee-4d7c-43c2-9969-c71aa0b4d02e-large.png","wideIconUri":"/3825471745662271143/Na44f2934-80bc-4b38-a53d-c4cd1192c39a-wide.png"},"connectionReferences":{},"databaseReferences":{},"almMode":"Environment","performanceOptimizationEnabled":false,"canConsumeAppPass":true},"isAppComponentLibrary":false,"appType":"ClassicCanvasApp","appComponents":[]}}