{"schemaVersion":"1.0","appDefinitionTemplate":{"id":"/providers/Microsoft.PowerApps/apps/","type":"Microsoft.PowerApps/apps","tags":{"primaryDeviceWidth":"640","primaryDeviceHeight":"1136","sienaVersion":"20200418T133409Z-3.20023.8.0","deviceCapabilities":"","supportsPortrait":"true","supportsLandscape":"false","primaryFormFactor":"Phone","publisherVersion":"3.20023.8","minimumRequiredApiVersion":"2.2.0","hasComponent":"false","hasUnlockedComponent":"false"},"properties":{"appVersion":"2020-04-18T13:34:09Z","lifeCycleId":"Published","createdByClientVersion":{"major":3,"minor":20023,"build":8,"revision":0,"majorRevision":0,"minorRevision":0},"minClientVersion":{"major":0,"minor":0,"build":0,"revision":0,"majorRevision":0,"minorRevision":0},"backgroundColor":"rgba(1, 60, 96, 1)","backgroundImageUri":"/17616912495612948356/Nc3622c8c-08a2-467c-8880-eed366a94f4a-logoSmallFile","displayName":"翻訳アプリ","commitMessage":"テスト スタジオによって保存されました","appUris":{"documentUri":{"value":"/17616912495612948356/N72a7720c-f97a-4143-ada5-1ae45a05616d-document.msapp","readonlyValue":"/17616912495612948356/N72a7720c-f97a-4143-ada5-1ae45a05616d-document.msapp"},"imageUris":[]},"createdTime":"0001-01-01T00:00:00Z","lastModifiedTime":"0001-01-01T00:00:00Z","sharedGroupsCount":0,"sharedUsersCount":0,"icons":{"smallIconUri":"/17616912495612948356/Nc9a537ad-2376-452d-8b2b-453b99ccff7d-small.png","mediumIconUri":"/17616912495612948356/N0a5da945-b207-4065-833f-e72a3ba5bebf-medium.png","largeIconUri":"/17616912495612948356/N8e5fdb41-6787-4427-a7d4-89c9f19142ca-large.png","wideIconUri":"/17616912495612948356/N54840e1e-334f-4fcd-a909-6d9d41a8f6a9-wide.png"},"connectionReferences":{"26885390-5781-4275-aa19-77d53554c158":{"id":"2adf171c-6475-45c4-8e2b-28492e34ac4a","displayName":"Microsoft Translator","iconUri":"https://connectoricons-prod.azureedge.net/microsofttranslator/icon_1.0.1303.1871.png","dataSources":["MicrosoftTranslator"],"dependencies":[],"dependents":[],"parameterHints":{},"isOnPremiseConnection":false,"sharedConnectionId":"ec5986da-f325-40c0-a6b3-c55dd791b6f9","bypassConsent":false,"dataSets":{},"apiTier":"Standard","isCustomApiConnection":false}},"databaseReferences":{},"almMode":"Environment","performanceOptimizationEnabled":false,"canConsumeAppPass":true},"appType":"ClassicCanvasApp","appComponents":[]}}