{"schemaVersion":"1.0","appDefinitionTemplate":{"id":"/providers/Microsoft.PowerApps/apps/","type":"Microsoft.PowerApps/apps","tags":{"minimumRequiredApiVersion":"2.2.0"},"properties":{"appVersion":"2020-02-04T03:01:15Z","lifeCycleId":"Published","createdByClientVersion":{"major":3,"minor":20013,"build":29,"revision":0,"majorRevision":0,"minorRevision":0},"minClientVersion":{"major":3,"minor":20013,"build":29,"revision":0,"majorRevision":0,"minorRevision":0},"backgroundColor":"rgba(0, 138, 0, 1)","backgroundImageUri":"/10321722852746874349/N1a9bab9b-c4ed-4a13-8c59-58053abb6db0-logoSmallFile","displayName":"出張旅費申請アプリ","description":"","commitMessage":"","appUris":{"documentUri":{"value":"/10321722852746874349/Nf14d07c9-fcfd-4de5-8acc-75dc657e07a6-document.msapp","readonlyValue":"/10321722852746874349/Nf14d07c9-fcfd-4de5-8acc-75dc657e07a6-document.msapp"},"imageUris":[]},"createdTime":"0001-01-01T00:00:00Z","lastModifiedTime":"0001-01-01T00:00:00Z","sharedGroupsCount":0,"sharedUsersCount":0,"icons":{"smallIconUri":"/10321722852746874349/N56735d7f-ff9c-40db-9e5b-88754871c96f-small.png","mediumIconUri":"/10321722852746874349/N267242fd-aaae-4746-808b-f8f32a61cb2d-medium.png","largeIconUri":"/10321722852746874349/N92121774-9565-4872-a639-886d4ee403ce-large.png","wideIconUri":"/10321722852746874349/N1cdbaa13-7174-4e65-88b9-d213d826533a-wide.png"},"connectionReferences":{"90d0fc7e-ea9c-47bf-ba43-c64700ffd4cc":{"id":"e7e97f41-9012-42c8-836e-b2828db41108","displayName":"Logic flows","iconUri":"https://resourcestackdeploy.blob.core.windows.net/scripts/13276078.png","dataSources":["出張旅費帳票作成"],"dependencies":["b949c64b-36f7-4aad-a4a6-a5832284b189","1eda1135-2035-4192-bba3-e64d7723afa2"],"dependents":[],"parameterHints":{"workflowName":{"value":"41a1d52c-2b64-4efc-ae0a-e656657045ef"},"b949c64b-36f7-4aad-a4a6-a5832284b189":{"value":"shared_wordonlinebusiness"},"1eda1135-2035-4192-bba3-e64d7723afa2":{"value":"shared_onedriveforbusiness"}},"isOnPremiseConnection":false,"bypassConsent":false,"dataSets":{},"apiTier":"Standard","isCustomApiConnection":false},"b949c64b-36f7-4aad-a4a6-a5832284b189":{"id":"441c0c74-a37a-45b1-92a0-d8a23f1655f7","displayName":"Word Online (Business)","iconUri":"https://connectoricons-prod.azureedge.net/wordonlinebusiness/icon_1.0.1286.1779.png","dataSources":[],"dependencies":[],"dependents":["90d0fc7e-ea9c-47bf-ba43-c64700ffd4cc"],"parameterHints":{},"isOnPremiseConnection":false,"bypassConsent":false,"dataSets":{},"apiTier":"Premium","isCustomApiConnection":false},"1eda1135-2035-4192-bba3-e64d7723afa2":{"id":"07767d60-e6d0-4d0b-9514-890aa90fdca9","displayName":"OneDrive for Business","iconUri":"https://connectoricons-prod.azureedge.net/onedriveforbusiness/icon_1.0.1284.1763.png","dataSources":[],"dependencies":[],"dependents":["90d0fc7e-ea9c-47bf-ba43-c64700ffd4cc"],"parameterHints":{},"isOnPremiseConnection":false,"bypassConsent":false,"dataSets":{},"apiTier":"Standard","isCustomApiConnection":false}},"databaseReferences":{},"almMode":"Environment","performanceOptimizationEnabled":false,"canConsumeAppPass":true},"isAppComponentLibrary":false,"appComponents":[]}}