{"name":"cf3f88ff-fc79-4e60-b6a0-11d5a7cd77cd","id":"/providers/Microsoft.Flow/flows/cf3f88ff-fc79-4e60-b6a0-11d5a7cd77cd","type":"Microsoft.Flow/flows","properties":{"apiId":"/providers/Microsoft.PowerApps/apis/shared_logicflows","displayName":"出張旅費帳票作成","definition":{"metadata":{"workflowEntityId":null,"creator":{"id":"4464c495-4870-4d60-a13a-79e0cc022d01","type":"User","tenantId":"bc6b6097-83de-4041-9420-740f849aaae6"},"provisioningMethod":"FromDefinition","failureAlertSubscription":true,"clientLastModifiedTime":"2020-02-04T02:41:16.3797207Z"},"$schema":"https://schema.management.azure.com/providers/Microsoft.Logic/schemas/2016-06-01/workflowdefinition.json#","contentVersion":"1.0.0.0","parameters":{"$connections":{"defaultValue":{},"type":"Object"},"$authentication":{"defaultValue":{},"type":"SecureObject"}},"triggers":{"manual":{"type":"Request","kind":"PowerApp","inputs":{"schema":{"type":"object","properties":{"TripJSONInit_値":{"type":"string","description":"初期値を入力","x-ms-powerflows-param-ispartial":false},"TransportationJSONInit_値":{"type":"string","description":"初期値を入力","x-ms-powerflows-param-ispartial":false}},"required":["TripJSONInit_値","TransportationJSONInit_値"]}}}},"actions":{"TripJSON_Init":{"runAfter":{},"type":"InitializeVariable","inputs":{"variables":[{"name":"TripJSON","type":"String","value":"@triggerBody()['TripJSONInit_値']"}]}},"TripJSON_の解析":{"runAfter":{"TotalFee_Init":["Succeeded"]},"type":"ParseJson","inputs":{"content":"@variables('TripJSON')","schema":{"type":"array","items":{"type":"object","properties":{"CustomerName":{"type":"string"},"Date":{"type":"string"},"Purpose":{"type":"string"},"Remark":{"type":"string"}},"required":["CustomerName","Date","Purpose","Remark"]}}}},"TransportJSON_の解析":{"runAfter":{"TripJSON_の解析":["Succeeded"]},"type":"ParseJson","inputs":{"content":"@variables('Transportation Init')","schema":{"type":"array","items":{"type":"object","properties":{"Facility":{"type":"string"},"Fee":{"type":"string"},"From":{"type":"string"},"To":{"type":"string"},"TripDate":{"type":"string"},"Visit":{"type":"string"}},"required":["Facility","Fee","From","To","TripDate","Visit"]}}}},"TransportationJSON_Init":{"runAfter":{"TripJSON_Init":["Succeeded"]},"type":"InitializeVariable","inputs":{"variables":[{"name":"Transportation Init","type":"String","value":"@triggerBody()['TransportationJSONInit_値']"}]}},"Apply_to_each":{"foreach":"@body('TripJSON_の解析')","actions":{"Microsoft_Word_テンプレートを事前設定します":{"runAfter":{},"metadata":{"01SQWBLTP63BFTOYGZGVB36QMVDRZMILNF":"/出張旅費.docx","flowSystemMetadata":{"swaggerOperationId":"CreateFileItem"}},"type":"ApiConnection","inputs":{"host":{"connection":{"name":"@json(decodeBase64(triggerOutputs().headers['X-MS-APIM-Tokens']))['$connections']['shared_wordonlinebusiness']['connectionId']"},"api":{"runtimeUrl":"https://japan-001.azure-apim.net/apim/wordonlinebusiness"}},"method":"post","body":{"390460038":"@items('Apply_to_each')['CustomerName']","979886277":"@{variables('TotalFee')}","2023662497":"@items('Apply_to_each')['Date']","-1364984140":"@items('Apply_to_each')['Purpose']","-1514448371":"@items('Apply_to_each')['Remark']","-1726221151":"@body('TransportJSON_の解析')"},"path":"/api/templates/getFile","queries":{"source":"me","drive":"b!T-PuEw_ZL0CF4CSyyLQnTK8r_l-dMI5NhNOuBZwfx8FD9InPy-6TS7zKpK4MGQqb","file":"01SQWBLTP63BFTOYGZGVB36QMVDRZMILNF"},"authentication":{"type":"Raw","value":"@json(decodeBase64(triggerOutputs().headers['X-MS-APIM-Tokens']))['$ConnectionKey']"}}},"ファイルの作成":{"runAfter":{"Microsoft_Word_テンプレートを事前設定します":["Succeeded"]},"metadata":{"flowSystemMetadata":{"swaggerOperationId":"CreateFile"}},"type":"ApiConnection","inputs":{"host":{"connection":{"name":"@json(decodeBase64(triggerOutputs().headers['X-MS-APIM-Tokens']))['$connections']['shared_onedriveforbusiness']['connectionId']"},"api":{"runtimeUrl":"https://japan-001.azure-apim.net/apim/onedriveforbusiness"}},"method":"post","body":"@body('Microsoft_Word_テンプレートを事前設定します')","path":"/datasets/default/files","queries":{"folderPath":"/PowerPlatformDay","name":"出張旅費申請書.docx"},"authentication":{"type":"Raw","value":"@json(decodeBase64(triggerOutputs().headers['X-MS-APIM-Tokens']))['$ConnectionKey']"}},"runtimeConfiguration":{"contentTransfer":{"transferMode":"Chunked"}}}},"runAfter":{"Compute_TotalFee":["Succeeded"]},"type":"Foreach"},"TotalFee_Init":{"runAfter":{"TransportationJSON_Init":["Succeeded"]},"type":"InitializeVariable","inputs":{"variables":[{"name":"TotalFee","type":"Integer","value":0}]}},"Compute_TotalFee":{"foreach":"@body('TransportJSON_の解析')","actions":{"変数の値を増やす":{"runAfter":{},"type":"IncrementVariable","inputs":{"name":"TotalFee","value":"@int(items('Compute_TotalFee')['Fee'])"}}},"runAfter":{"TransportJSON_の解析":["Succeeded"]},"type":"Foreach"}}},"connectionReferences":{"shared_wordonlinebusiness":{"connectionName":"shared-wordonlinebus-9c299b8c-3a08-41a3-8cf0-57451a14ced3","source":"Invoker","id":"/providers/Microsoft.PowerApps/apis/shared_wordonlinebusiness","tier":"NotSpecified"},"shared_onedriveforbusiness":{"connectionName":"05d26a150d2a4f2ba7550bec09a03094","source":"Invoker","id":"/providers/Microsoft.PowerApps/apis/shared_onedriveforbusiness","tier":"NotSpecified"}},"flowFailureAlertSubscribed":false}}