{"schemaVersion":"1.0","appDefinitionTemplate":{"id":"/providers/Microsoft.PowerApps/apps/","type":"Microsoft.PowerApps/apps","tags":{"primaryDeviceWidth":"640","primaryDeviceHeight":"1136","sienaVersion":"20200622T164518Z-3.20062.22.0","deviceCapabilities":"","supportsPortrait":"true","supportsLandscape":"false","primaryFormFactor":"Phone","publisherVersion":"3.20062.22","minimumRequiredApiVersion":"2.2.0","hasComponent":"false","hasUnlockedComponent":"false","isUnifiedRootApp":"false"},"properties":{"appVersion":"2020-06-22T16:45:18Z","lifeCycleId":"Published","createdByClientVersion":{"major":3,"minor":20062,"build":22,"revision":0,"majorRevision":0,"minorRevision":0},"minClientVersion":{"major":3,"minor":20062,"build":22,"revision":0,"majorRevision":0,"minorRevision":0},"backgroundColor":"rgba(1, 60, 96, 1)","backgroundImageUri":"/5332355806086858567/Na04e1be5-5f4b-4603-bbf0-4eaa690b9e97-logoSmallFile","displayName":"モーニングルーティング","description":"","commitMessage":"","appUris":{"documentUri":{"value":"/5332355806086858567/N399c7177-bbb4-4000-b856-908e815724c6-document.msapp","readonlyValue":"/5332355806086858567/N399c7177-bbb4-4000-b856-908e815724c6-document.msapp"},"imageUris":[]},"createdTime":"0001-01-01T00:00:00Z","lastModifiedTime":"0001-01-01T00:00:00Z","sharedGroupsCount":0,"sharedUsersCount":0,"icons":{"smallIconUri":"/5332355806086858567/N686f2d37-b2e8-4048-8668-f54be4ede5d5-small.png","mediumIconUri":"/5332355806086858567/N3f9a9a4f-9e6d-4433-934b-1a479fe69178-medium.png","largeIconUri":"/5332355806086858567/Nf3fecf47-15bc-421c-9738-e9b7fc35f2c3-large.png","wideIconUri":"/5332355806086858567/N759ed975-21c8-458c-ab94-e21017b69701-wide.png"},"connectionReferences":{"6b85a356-6e15-40fd-95ac-3b18b230fac0":{"id":"69631f99-7cf2-44d6-8067-5b6dbda8e4ac","displayName":"SharePoint","iconUri":"https://connectoricons-prod.azureedge.net/sharepointonline/icon_1.0.1355.2023.png","dataSources":["モーニングルーティング"],"dependencies":[],"dependents":[],"parameterHints":{},"isOnPremiseConnection":false,"bypassConsent":false,"dataSets":{"https://abrain.sharepoint.com/sites/parsonal":{"dataSources":{"モーニングルーティング":{"tableName":"8199ea45-9644-4fbd-bd90-701cf2518423"}}}},"apiTier":"Standard","isCustomApiConnection":false}},"databaseReferences":{},"almMode":"Environment","performanceOptimizationEnabled":true,"canConsumeAppPass":true},"isAppComponentLibrary":false,"appType":"ClassicCanvasApp","appComponents":[]}}