{"schemaVersion":"1.0","appDefinitionTemplate":{"id":"/providers/Microsoft.PowerApps/apps/","type":"Microsoft.PowerApps/apps","tags":{"primaryDeviceWidth":"640","primaryDeviceHeight":"1136","sienaVersion":"20200424T081204Z-3.20023.8.0","deviceCapabilities":"location","supportsPortrait":"true","supportsLandscape":"false","primaryFormFactor":"Phone","publisherVersion":"3.20023.8","minimumRequiredApiVersion":"2.2.0","hasComponent":"false","hasUnlockedComponent":"false"},"properties":{"appVersion":"2020-04-24T08:12:04Z","lifeCycleId":"Published","createdByClientVersion":{"major":3,"minor":20023,"build":8,"revision":0,"majorRevision":0,"minorRevision":0},"minClientVersion":{"major":3,"minor":20023,"build":8,"revision":0,"majorRevision":0,"minorRevision":0},"backgroundColor":"rgba(165, 34, 55, 1)","backgroundImageUri":"/5880378294932387882/N9839615e-36c1-4c9f-8069-d5d2c50bce76-logoSmallFile","displayName":"行動管理アプリ","description":"","commitMessage":"","appUris":{"documentUri":{"value":"/5880378294932387882/N9831e08f-2b47-49e9-910d-7257f89b6d34-document.msapp","readonlyValue":"/5880378294932387882/N9831e08f-2b47-49e9-910d-7257f89b6d34-document.msapp"},"imageUris":[]},"createdTime":"0001-01-01T00:00:00Z","lastModifiedTime":"0001-01-01T00:00:00Z","sharedGroupsCount":0,"sharedUsersCount":0,"icons":{"smallIconUri":"/5880378294932387882/N21ff9fc1-2eef-4aa1-b2e9-e3c5e8c7df5b-small.png","mediumIconUri":"/5880378294932387882/N7feffc5e-b759-4d47-93cf-122f9fa112ad-medium.png","largeIconUri":"/5880378294932387882/N7dd4e6f1-ff7a-4a92-9d29-df4e53703f31-large.png","wideIconUri":"/5880378294932387882/Nb99a527e-9309-4cd2-a624-d32d5c0ff600-wide.png"},"connectionReferences":{"02562973-e331-4f6b-87c6-3b835a74bf2d":{"id":"259153c4-fe51-4c29-b598-88af21f78104","displayName":"Bing Maps","iconUri":"https://connectoricons-prod.azureedge.net/bingmaps/icon_1.0.1329.1953.png","dataSources":["BingMaps"],"dependencies":[],"dependents":[],"parameterHints":{},"isOnPremiseConnection":false,"sharedConnectionId":"38a7a183-7a36-4514-81e3-aaad8a18c1f0","bypassConsent":false,"dataSets":{},"apiTier":"Standard","isCustomApiConnection":false},"eab5bb3f-f54b-49c9-8ff8-47de7bd8e73b":{"id":"69631f99-7cf2-44d6-8067-5b6dbda8e4ac","displayName":"SharePoint","iconUri":"https://connectoricons-prod.azureedge.net/sharepointonline/icon_1.0.1329.1953.png","dataSources":["行動管理"],"dependencies":[],"dependents":[],"parameterHints":{},"isOnPremiseConnection":false,"bypassConsent":false,"dataSets":{"https://abrain.sharepoint.com/sites/parsonal":{"dataSources":{"行動管理":{"tableName":"8f19f402-1a8d-4742-b65c-0365d7ecf941"}}}},"apiTier":"Standard","isCustomApiConnection":false}},"databaseReferences":{},"almMode":"Environment","performanceOptimizationEnabled":false,"canConsumeAppPass":true},"isAppComponentLibrary":false,"appType":"ClassicCanvasApp","appComponents":[]}}